build,size,arm,instr_ref,instr_arm,all_jaccard_1,rows_matched,ivw_med_db_se,ivw_max_db_se,wald_rows
old,10x10,C1,532,532,TRUE,500,0.0014835438130785,0.00861583686448186,0
old,10x10,C8,532,532,TRUE,500,0.0014835438130785,0.00861583686448186,0
old,25x25,C1,1259,1259,TRUE,3125,0.00140397751262404,0.0126763324993453,0
old,25x25,C8,1259,1259,TRUE,3125,0.00140397751262404,0.0126763324993453,0
new,10x10,C1,532,532,TRUE,500,0.00148354381307827,0.00861583686447762,0
new,10x10,C8,532,532,TRUE,500,0.00148354381307827,0.00861583686447762,0
new,25x25,C1,1259,1259,TRUE,3125,0.00140397751262404,0.0126763324993417,0
new,25x25,C8,1259,1259,TRUE,3125,0.00140397751262404,0.0126763324993417,0
old,1x1,C1,71,71,TRUE,5,0.00411961902361185,0.00411961902361185,0
old,1x1,C8,71,71,TRUE,5,0.00411961902361185,0.00411961902361185,0
new,1x1,C1,71,71,TRUE,5,0.00411961902361185,0.00411961902361185,0
new,1x1,C8,71,71,TRUE,5,0.00411961902361185,0.00411961902361185,0
