build,size,fm_arm,vs,fm_s,ref_s,speedup
old,10x10,C1,"TSMR (MR serial, 1 core)",21.04,902.51,42.8949619771863
old,10x10,C1,TSMR (MR over 8 CPUs),21.04,518.59,24.6478136882129
old,10x10,C1,GWAS-VCF + TSMR (MR serial),21.04,649.62,30.8754752851711
old,10x10,C8,"TSMR (MR serial, 1 core)",10.87,902.51,83.0275988960442
old,10x10,C8,TSMR (MR over 8 CPUs),10.87,518.59,47.7083716651334
old,10x10,C8,GWAS-VCF + TSMR (MR serial),10.87,649.62,59.7626494940203
old,1x1,C1,"TSMR (MR serial, 1 core)",4.84,48.97,10.1177685950413
old,1x1,C1,GWAS-VCF + TSMR (MR serial),4.84,23,4.75206611570248
old,1x1,C8,"TSMR (MR serial, 1 core)",7.38,48.97,6.63550135501355
old,1x1,C8,GWAS-VCF + TSMR (MR serial),7.38,23,3.11653116531165
old,25x25,C1,"TSMR (MR serial, 1 core)",62.63,4346,69.3916653361009
old,25x25,C1,TSMR (MR over 8 CPUs),62.63,1613.38,25.7604981638193
old,25x25,C1,GWAS-VCF + TSMR (MR serial),62.63,3562.5,56.8816860929267
old,25x25,C8,"TSMR (MR serial, 1 core)",23.17,4346,187.570133793699
old,25x25,C8,TSMR (MR over 8 CPUs),23.17,1613.38,69.6322831247303
old,25x25,C8,GWAS-VCF + TSMR (MR serial),23.17,3562.5,153.754855416487
new,10x10,C1,"TSMR (MR serial, 1 core)",25.55,902.51,35.3232876712329
new,10x10,C1,TSMR (MR over 8 CPUs),25.55,518.59,20.2970645792564
new,10x10,C1,GWAS-VCF + TSMR (MR serial),25.55,649.62,25.4254403131115
new,10x10,C8,"TSMR (MR serial, 1 core)",16.44,902.51,54.897201946472
new,10x10,C8,TSMR (MR over 8 CPUs),16.44,518.59,31.544403892944
new,10x10,C8,GWAS-VCF + TSMR (MR serial),16.44,649.62,39.514598540146
new,1x1,C1,"TSMR (MR serial, 1 core)",8.43,48.97,5.80901542111507
new,1x1,C1,GWAS-VCF + TSMR (MR serial),8.43,23,2.72835112692764
new,1x1,C8,"TSMR (MR serial, 1 core)",8.8,48.97,5.56477272727273
new,1x1,C8,GWAS-VCF + TSMR (MR serial),8.8,23,2.61363636363636
new,25x25,C1,"TSMR (MR serial, 1 core)",68.01,4346,63.9023672989266
new,25x25,C1,TSMR (MR over 8 CPUs),68.01,1613.38,23.7226878400235
new,25x25,C1,GWAS-VCF + TSMR (MR serial),68.01,3562.5,52.3820026466696
new,25x25,C8,"TSMR (MR serial, 1 core)",28.53,4346,152.330879775675
new,25x25,C8,TSMR (MR over 8 CPUs),28.53,1613.38,56.5502979320014
new,25x25,C8,GWAS-VCF + TSMR (MR serial),28.53,3562.5,124.868559411146
