op,threads,ntraits,size,format,method,n_old,wall_old,n_rows_old,n_new,wall_new,n_rows_new,change_pct,tsv_wall,tsv_rows,speedup_vs_tsv_new,rows_match_tsv
extract,1,1,1000,cpr,batch,3,0.53,1000,3,0.49,1000,-7.54716981132076,7.39,1000,15.0816326530612,TRUE
extract,1,1,1000,cpr,loop,3,0.51,1000,3,0.49,1000,-3.92156862745098,7.39,1000,15.0816326530612,TRUE
extract,1,1,100000,cpr,batch,3,0.93,1e+05,3,0.78,1e+05,-16.1290322580645,7.42,1e+05,9.51282051282051,TRUE
extract,1,1,100000,cpr,loop,3,0.88,1e+05,3,0.69,1e+05,-21.5909090909091,7.42,1e+05,10.7536231884058,TRUE
extract,1,5,1000,cpr,batch,3,1.13,5000,3,1.41,5000,24.7787610619469,29.73,5000,21.0851063829787,TRUE
extract,1,5,1000,cpr,loop,3,1.7,5000,3,1.41,5000,-17.0588235294118,29.73,5000,21.0851063829787,TRUE
extract,1,5,100000,cpr,batch,3,1.88,5e+05,3,1.87,5e+05,-0.53191489361701,29.29,5e+05,15.6631016042781,TRUE
extract,1,5,100000,cpr,loop,3,2.02,5e+05,3,1.75,5e+05,-13.3663366336634,29.29,5e+05,16.7371428571429,TRUE
extract,1,10,1000,cpr,batch,3,1.96,10000,3,2.6,10000,32.6530612244898,58.65,10000,22.5576923076923,TRUE
extract,1,10,1000,cpr,loop,3,3.09,10000,3,2.59,10000,-16.1812297734628,58.65,10000,22.6447876447876,TRUE
extract,1,10,100000,cpr,batch,3,2.89,1e+06,3,3.2,1e+06,10.7266435986159,58.01,1e+06,18.128125,TRUE
extract,1,10,100000,cpr,loop,3,3.8,1e+06,3,3.1,1e+06,-18.4210526315789,58.01,1e+06,18.7129032258065,TRUE
extract,1,20,1000,cpr,batch,3,3.64,20000,3,4.88,20000,34.0659340659341,116.66,20000,23.905737704918,TRUE
extract,1,20,1000,cpr,loop,3,5.94,20000,3,4.89,20000,-17.6767676767677,116.66,20000,23.8568507157464,TRUE
extract,1,20,100000,cpr,batch,3,6.41,2e+06,3,5.9,2e+06,-7.95631825273011,118.04,2e+06,20.006779661017,TRUE
extract,1,20,100000,cpr,loop,3,10.15,2e+06,3,5.8,2e+06,-42.8571428571429,118.04,2e+06,20.351724137931,TRUE
extract,8,1,1000,cpr,batch,3,0.41,1000,3,0.35,1000,-14.6341463414634,6.12,1000,17.4857142857143,TRUE
extract,8,1,1000,cpr,loop,3,0.35,1000,3,0.34,1000,-2.85714285714284,6.12,1000,18,TRUE
extract,8,1,100000,cpr,batch,3,0.77,1e+05,3,0.62,1e+05,-19.4805194805195,6.84,1e+05,11.0322580645161,TRUE
extract,8,1,100000,cpr,loop,3,0.65,1e+05,3,0.55,1e+05,-15.3846153846154,6.84,1e+05,12.4363636363636,TRUE
extract,8,5,1000,cpr,batch,3,0.72,5000,3,0.74,5000,2.77777777777778,8.93,5000,12.0675675675676,TRUE
extract,8,5,1000,cpr,loop,3,0.71,5000,3,0.64,5000,-9.85915492957746,8.93,5000,13.953125,TRUE
extract,8,5,100000,cpr,batch,3,1.29,5e+05,3,1.36,5e+05,5.42635658914729,9.34,5e+05,6.86764705882353,TRUE
extract,8,5,100000,cpr,loop,3,1.28,5e+05,3,0.97,5e+05,-24.21875,9.34,5e+05,9.62886597938144,TRUE
extract,8,10,1000,cpr,batch,3,1,10000,3,1,10000,0,16.78,10000,16.78,TRUE
extract,8,10,1000,cpr,loop,3,1.47,10000,3,1.03,10000,-29.9319727891156,16.78,10000,16.2912621359223,TRUE
extract,8,10,100000,cpr,batch,3,1.61,1e+06,3,1.75,1e+06,8.69565217391304,17.73,1e+06,10.1314285714286,TRUE
extract,8,10,100000,cpr,loop,3,2.08,1e+06,3,1.54,1e+06,-25.9615384615385,17.73,1e+06,11.512987012987,TRUE
extract,8,20,1000,cpr,batch,3,1.34,20000,3,1.51,20000,12.6865671641791,27.86,20000,18.4503311258278,TRUE
extract,8,20,1000,cpr,loop,3,2.59,20000,3,1.78,20000,-31.2741312741313,27.86,20000,15.6516853932584,TRUE
extract,8,20,100000,cpr,batch,3,2.85,2e+06,3,2.82,2e+06,-1.05263157894738,28.68,2e+06,10.1702127659574,TRUE
extract,8,20,100000,cpr,loop,3,6.56,2e+06,3,2.62,2e+06,-60.0609756097561,28.68,2e+06,10.9465648854962,TRUE
instruments,1,1,0,cpr,batch,3,1.7,8946,3,0.85,8946,-50,8.02,8946,9.43529411764706,TRUE
instruments,1,1,0,cpr,loop,3,1.35,8946,3,0.49,8946,-63.7037037037037,8.02,8946,16.3673469387755,TRUE
instruments,1,5,0,cpr,batch,3,5.83,37029,3,2.49,37029,-57.2898799313894,27.85,37029,11.1847389558233,TRUE
instruments,1,5,0,cpr,loop,3,5.71,37029,3,1.26,37029,-77.9334500875657,27.85,37029,22.1031746031746,TRUE
instruments,1,10,0,cpr,batch,3,10.09,63701,3,3.41,63701,-66.2041625371655,54.91,63701,16.1026392961877,TRUE
instruments,1,10,0,cpr,loop,3,9.98,63701,3,2.17,63701,-78.2565130260521,54.91,63701,25.3041474654378,TRUE
instruments,1,20,0,cpr,batch,3,26.19,187057,3,7.11,187057,-72.852233676976,108.81,187057,15.3037974683544,TRUE
instruments,1,20,0,cpr,loop,3,26.48,187057,3,4.64,187057,-82.4773413897281,108.81,187057,23.4504310344828,TRUE
instruments,8,1,0,cpr,batch,3,0.8,8946,3,0.37,8946,-53.75,5.97,8946,16.1351351351351,TRUE
instruments,8,1,0,cpr,loop,3,0.77,8946,3,0.37,8946,-51.948051948052,5.97,8946,16.1351351351351,TRUE
instruments,8,5,0,cpr,batch,3,2.1,37029,3,0.7,37029,-66.6666666666667,9.24,37029,13.2,TRUE
instruments,8,5,0,cpr,loop,3,2.89,37029,3,0.8,37029,-72.318339100346,9.24,37029,11.55,TRUE
instruments,8,10,0,cpr,batch,3,3.08,63701,3,0.89,63701,-71.1038961038961,16.64,63701,18.6966292134831,TRUE
instruments,8,10,0,cpr,loop,3,5.51,63701,3,1.34,63701,-75.6805807622505,16.64,63701,12.4179104477612,TRUE
instruments,8,20,0,cpr,batch,3,6.84,187057,3,1.51,187057,-77.9239766081871,26.35,187057,17.4503311258278,TRUE
instruments,8,20,0,cpr,loop,3,13.27,187057,3,2.64,187057,-80.1055011303693,26.35,187057,9.98106060606061,TRUE
