arm,n,predicted_s
A,1,47.9125
A,2,100.968772727273
A,5,323.710681818182
A,10,906.8575
A,25,4245.62522727273
A,50,15107.9956818182
A,100,56699.3275
A,250,340406.050227273
A,1000,5334926.0275
B,1,22.0320000000001
B,2,50.1625454545455
B,5,197.117696969697
B,10,650.588
B,25,3575.08678787879
B,50,13662.8776969697
B,100,53389.558
B,250,328978.386787879
B,1000,5226120.258
C1,1,8.6195
C1,2,10.2439747474748
C1,5,15.4708535353535
C1,10,25.3605
C1,25,63.865803030303
C1,50,157.495853535354
C1,100,455.2105
C1,250,2231.9908030303
C1,1000,30997.7105
C8,1,8.4865
C8,2,9.34978282828283
C8,5,12.0225404040404
C8,10,16.7535
C8,25,33.0191060606061
C8,50,67.0375404040404
C8,100,160.9835
C8,250,650.094106060606
C8,1000,7759.2835
