op,threads,size,n_old,seconds_old,min_old,max_old,wall_old,rss_mb_old,bytes_old,n_rows_old,chk_old,n_new,seconds_new,min_new,max_new,wall_new,rss_mb_new,bytes_new,n_rows_new,chk_new,change_pct
fullread,1,0,3,2.063,2.037,2.099,2.47,1221.71875,"",10000000,760876232572466,3,1.808,1.777,1.977,2.32,1222.73828125,"",10000000,760876232572466,-12.3606398448861
fullread,8,0,3,1.738,1.68,1.741,2.15,1235.8828125,"",10000000,760876232572466,3,1.617,1.593,1.62,2.02,1236.83203125,"",10000000,760876232572466,-6.9620253164557
lookup,1,25,3,0.093,0.089,0.093,0.36,71.00390625,"",25,2161256230,3,0.084,0.083,0.084,0.34,70.7265625,"",25,2161256230,-9.6774193548387
lookup,1,1000,3,0.281,0.276,0.294,0.58,71.2109375,"",1000,78930671620,3,0.269,0.266,0.269,0.53,70.85546875,"",1000,78930671620,-4.27046263345196
lookup,1,100000,3,0.518,0.477,0.522,0.83,117.421875,"",100000,7616726905958,3,0.464,0.452,0.47,0.75,102.90234375,"",100000,7616726905958,-10.4247104247104
lookup,8,25,3,0.06,0.057,0.064,0.33,98.1640625,"",25,2161256230,3,0.052,0.051,0.052,0.31,97.734375,"",25,2161256230,-13.3333333333333
lookup,8,1000,3,0.105,0.102,0.109,0.37,98.140625,"",1000,78930671620,3,0.097,0.096,0.098,0.36,97.63671875,"",1000,78930671620,-7.61904761904761
lookup,8,100000,3,0.335,0.294,0.366,0.62,144.05078125,"",100000,7616726905958,3,0.289,0.277,0.289,0.57,128.89453125,"",100000,7616726905958,-13.7313432835821
region,1,0,3,1.252,1.238,1.312,1.57,102.70703125,"",550944,40250969616706,3,0.888,0.887,0.897,1.16,91.9375,"",550944,40250969616706,-29.073482428115
region,8,0,3,1.213,1.168,1.311,1.51,108.578125,"",550944,40250969616706,3,0.883,0.87,0.883,1.16,98.40625,"",550944,40250969616706,-27.2052761747733
write,8,0,3,15.067,14.946,15.7,21.05,3256.0390625,42654349/42654424/42654463,NA,NA,3,13.708,13.571,13.759,19.73,2710.40234375,42653454/42653466/42653315,NA,NA,-9.01971195327537
