method,pairs,max_abs_db,max_abs_dse,max_abs_dp,med_abs_dse,rep,size
Inverse variance weighted,100,5.55111512312578e-16,1.04083408558608e-17,5.82867087928207e-16,1.73472347597681e-18,1,10x10
MR Egger,100,5.10702591327572e-15,1.27675647831893e-15,3.66373598126302e-15,9.36750677027476e-17,1,10x10
Simple mode,100,1.11022302462516e-16,0.0103209621454039,0.0904061687367152,0.00206414657595382,1,10x10
Weighted median,100,2.22044604925031e-16,0.00373516845242668,0.0431333892536038,0.000485614580036901,1,10x10
Weighted mode,100,5.55111512312578e-17,0.00929485851234324,0.0515550194366735,0.00171440775393156,1,10x10
Inverse variance weighted,625,6.66133814775094e-16,2.77555756156289e-17,1.0547118733939e-15,3.46944695195361e-18,1,25x25
MR Egger,625,1.21014309684142e-14,9.43689570931383e-16,1.68198788230711e-14,1.2490009027033e-16,1,25x25
Simple mode,625,2.22044604925031e-16,0.0116677734976973,0.0567210851163241,0.0017927321242983,1,25x25
Weighted median,625,8.88178419700125e-16,0.00368037455969773,0.0389346532252048,0.000525199790777788,1,25x25
Weighted mode,625,1.11022302462516e-16,0.00921583367707314,0.0531886694145193,0.00157106778970732,1,25x25
