CompreSSoR,K,threads,mode,elapsed_s,verify_s,rows
0.7.0,1000,1,default,3.330,0.000,20000
0.7.2,1000,1,default,6.005,0.000,20000
0.7.0,1000,1,default,7.711,0.000,20000
0.7.2,1000,1,default,6.370,0.000,20000
0.7.2,1000,1,share,3.544,0.227,20000
0.7.0,1000,8,default,1.377,0.000,20000
0.7.2,1000,8,default,1.337,0.000,20000
0.7.2,1000,8,share,0.866,0.087,20000
0.7.0,100000,1,default,5.443,0.000,2000000
0.7.2,100000,1,default,6.866,0.000,2000000
0.7.2,100000,1,share,3.655,0.267,2000000
0.7.0,100000,8,default,2.460,0.000,2000000
0.7.2,100000,8,default,1.926,0.000,2000000
0.7.2,100000,8,share,1.688,0.085,2000000
0.7.0,1000,1,default,5.199,0.000,20000
0.7.2,1000,1,default,5.269,0.000,20000
0.7.2,1000,1,share,3.048,0.175,20000
0.7.0,1000,8,default,1.270,0.000,20000
0.7.2,1000,8,default,1.298,0.000,20000
0.7.2,1000,8,share,0.915,0.108,20000
0.7.0,100000,1,default,5.109,0.000,2000000
0.7.2,100000,1,default,5.352,0.000,2000000
0.7.2,100000,1,share,3.493,0.178,2000000
0.7.0,100000,8,default,1.759,0.000,2000000
0.7.2,100000,8,default,1.834,0.000,2000000
0.7.2,100000,8,share,1.688,0.085,2000000
0.7.0,1000,1,default,4.764,0.000,20000
0.7.2,1000,1,default,6.273,0.000,20000
0.7.2,1000,1,share,3.306,0.320,20000
0.7.0,1000,8,default,1.400,0.000,20000
0.7.2,1000,8,default,1.243,0.000,20000
0.7.2,1000,8,share,0.901,0.123,20000
0.7.0,100000,1,default,4.444,0.000,2000000
0.7.2,100000,1,default,5.068,0.000,2000000
0.7.2,100000,1,share,3.548,0.218,2000000
0.7.0,100000,8,default,1.851,0.000,2000000
0.7.2,100000,8,default,1.732,0.000,2000000
0.7.2,100000,8,share,1.666,0.083,2000000
