size,arm,stage,new,old,change_pct
10x10,C1,clump,5.162,6.206,-16.8224299065421
10x10,C1,extract,7.238,7.224,0.193798449612406
10x10,C1,harmonise,0,0,
10x10,C1,mr,2.926,4.139,-29.306595796086
10x10,C1,mr_total_incl_extract,10.296,11.435,-9.96064713598602
10x10,C1,steiger,0.157,0.0329999999999977,375.757575757609
10x10,C1,write,0.158000000000001,0.190000000000001,-16.8421052631578
10x10,C8,clump,4.193,4.942,-15.1558073654391
10x10,C8,extract,1.613,2.147,-24.8719142990219
10x10,C8,harmonise,0,0,
10x10,C8,mr,0.716,1.13,-36.6371681415929
10x10,C8,mr_total_incl_extract,2.374,3.329,-28.687293481526
10x10,C8,steiger,0.0380000000000003,0.0540000000000003,-29.6296296296295
10x10,C8,write,0.162,0.193999999999999,-16.4948453608243
1x1,C1,clump,2.236,2.588,-13.6012364760433
1x1,C1,extract,0.389,0.499,-22.0440881763527
1x1,C1,harmonise,0,0,
1x1,C1,mr,0.04,0.0640000000000001,-37.5000000000001
1x1,C1,mr_total_incl_extract,0.439,0.574,-23.5191637630662
1x1,C1,steiger,0.00599999999999978,0.00699999999999967,-14.2857142857134
1x1,C1,write,0.0479999999999992,0.0549999999999997,-12.7272727272737
1x1,C8,clump,3.742,3.622,3.31308669243512
1x1,C8,extract,0.369,0.355,3.94366197183099
1x1,C8,harmonise,0,0,
1x1,C8,mr,0.0439999999999996,0.0569999999999995,-22.8070175438597
1x1,C8,mr_total_incl_extract,0.425000000000001,0.424,0.235849056604009
1x1,C8,steiger,0.00800000000000001,0.00800000000000001,0
1x1,C8,write,0.0429999999999993,0.0599999999999996,-28.333333333334
25x25,C1,clump,16.955,13.697,23.7862305614368
25x25,C1,extract,22.666,18.899,19.9322715487592
25x25,C1,harmonise,0,0,
25x25,C1,mr,16.837,24.554,-31.4286877901768
25x25,C1,mr_total_incl_extract,39.773,43.95,-9.50398179749715
25x25,C1,steiger,0.247999999999998,0.472000000000001,-47.4576271186446
25x25,C1,write,0.769000000000006,0.869,-11.5074798619095
25x25,C8,clump,7.206,7.456,-3.35300429184549
25x25,C8,extract,4.412,4.695,-6.02768903088393
25x25,C8,harmonise,0,0,
25x25,C8,mr,3.898,6.435,-39.4250194250194
25x25,C8,mr_total_incl_extract,8.558,11.315,-24.365885992046
25x25,C8,steiger,0.241,0.16,50.625
25x25,C8,write,0.772000000000002,0.841999999999999,-8.3135391923987
50x50,C1,clump,53.379,52.356,1.95393078157231
50x50,C1,extract,41.614,36.653,13.5350448803645
50x50,C1,harmonise,0,0,
50x50,C1,mr,152.74,193.803,-21.1880105055133
50x50,C1,mr_total_incl_extract,195.448,232.347,-15.8809883493224
50x50,C1,steiger,1.023,1.733,-40.9694171956146
50x50,C1,write,9.54399999999998,10.271,-7.07818128711928
50x50,C8,clump,27.275,28.837,-5.41665221763707
50x50,C8,extract,7.515,7.176,4.72408026755852
50x50,C8,harmonise,0,0,
50x50,C8,mr,35.664,55.11,-35.2857920522591
50x50,C8,mr_total_incl_extract,44.746,64.413,-30.5326564513375
50x50,C8,steiger,1.468,1.694,-13.3412042502952
50x50,C8,write,9.447,10.264,-7.95985970381918
