size,arm,n_old,median_old,min_old,max_old,rss_mb_old,n_new,median_new,min_new,max_new,rss_mb_new,change_pct
10x10,A,3,902.51,891.18,1145.99,2967.07421875,,,,,,
10x10,A8,3,518.59,497.5,672,2967.28515625,,,,,,
10x10,B,3,649.62,646,651.64,509.859375,,,,,,
10x10,C1,3,21.04,19.01,21.06,842.4609375,3,16.94,15,23.75,846.46484375,-19.4866920152091
10x10,C8,3,10.87,9.84,12.21,848.50390625,3,7.74,6.63,9.62,862.515625,-28.7948482060718
1x1,A,3,48.97,48.34,59.51,2676.65234375,,,,,,
1x1,B,3,23,22.64,25.62,508.4296875,,,,,,
1x1,C1,3,4.84,4.34,6.91,844.14453125,3,3.53,2.71,8.49,840.14453125,-27.0661157024793
1x1,C8,3,7.38,4.67,7.44,832.4296875,3,7.62,2.99,7.95,832.4296875,3.25203252032521
25x25,A,3,4346,4198,4352,2918.26953125,,,,,,
25x25,A8,3,1613.38,1578.04,1640.05,2917.5625,,,,,,
25x25,B,3,3562.5,3512.88,3682,510.83203125,,,,,,
25x25,C1,3,62.63,60.96,63.53,850.3984375,3,64.23,58.75,73.02,848.3984375,2.55468625259461
25x25,C8,3,23.17,23.11,23.76,850.53515625,3,20.87,16.82,21.08,858.53515625,-9.9266292619767
50x50,C1,3,300.85,300.34,301.55,2003.6015625,3,267.79,263.04,268.42,1815.7578125,-10.988864882832
50x50,C8,3,109.7,106.36,111.35,2065.8984375,3,87.33,87.2,87.49,1972.1171875,-20.3919781221513
