"repeat_index","case","snps","max_delta","exact","finite_serial"
1,1,20,0,TRUE,TRUE
1,2,15,0,TRUE,TRUE
1,3,9,0,TRUE,TRUE
1,4,20,0,TRUE,TRUE
1,5,20,0,TRUE,TRUE
1,6,4,0,TRUE,TRUE
1,7,11,0,TRUE,TRUE
1,8,11,0,TRUE,TRUE
1,9,16,0,TRUE,TRUE
1,10,3,0,TRUE,TRUE
1,11,12,0,TRUE,TRUE
1,12,18,0,TRUE,TRUE
1,13,15,0,TRUE,TRUE
1,14,7,0,TRUE,TRUE
1,15,8,0,TRUE,TRUE
1,16,13,0,TRUE,TRUE
1,17,19,0,TRUE,TRUE
1,18,13,0,TRUE,TRUE
1,19,7,0,TRUE,TRUE
1,20,3,0,TRUE,TRUE
1,21,15,0,TRUE,TRUE
1,22,14,0,TRUE,TRUE
1,23,10,0,TRUE,TRUE
1,24,15,0,TRUE,TRUE
1,25,10,0,TRUE,TRUE
1,26,18,0,TRUE,TRUE
1,27,13,0,TRUE,TRUE
1,28,12,0,TRUE,TRUE
1,29,11,0,TRUE,TRUE
1,30,3,0,TRUE,TRUE
1,31,8,0,TRUE,TRUE
1,32,12,0,TRUE,TRUE
1,33,10,0,TRUE,TRUE
1,34,13,0,TRUE,TRUE
1,35,5,0,TRUE,TRUE
1,36,19,0,TRUE,TRUE
1,37,19,0,TRUE,TRUE
1,38,9,0,TRUE,TRUE
1,39,13,0,TRUE,TRUE
1,40,3,0,TRUE,TRUE
1,41,19,0,TRUE,TRUE
1,42,12,0,TRUE,TRUE
1,43,6,0,TRUE,TRUE
1,44,6,0,TRUE,TRUE
1,45,16,0,TRUE,TRUE
1,46,16,0,TRUE,TRUE
1,47,7,0,TRUE,TRUE
1,48,20,0,TRUE,TRUE
1,49,12,0,TRUE,TRUE
1,50,3,0,TRUE,TRUE
1,51,11,0,TRUE,TRUE
1,52,8,0,TRUE,TRUE
1,53,4,0,TRUE,TRUE
1,54,16,0,TRUE,TRUE
1,55,9,0,TRUE,TRUE
1,56,17,0,TRUE,TRUE
1,57,7,0,TRUE,TRUE
1,58,15,0,TRUE,TRUE
1,59,11,0,TRUE,TRUE
1,60,3,0,TRUE,TRUE
1,61,13,0,TRUE,TRUE
1,62,9,0,TRUE,TRUE
1,63,5,0,TRUE,TRUE
1,64,18,0,TRUE,TRUE
1,65,19,0,TRUE,TRUE
1,66,12,0,TRUE,TRUE
1,67,10,0,TRUE,TRUE
1,68,12,0,TRUE,TRUE
1,69,7,0,TRUE,TRUE
1,70,3,0,TRUE,TRUE
1,71,12,0,TRUE,TRUE
1,72,13,0,TRUE,TRUE
1,73,19,0,TRUE,TRUE
1,74,13,0,TRUE,TRUE
1,75,8,0,TRUE,TRUE
1,76,20,0,TRUE,TRUE
1,77,8,0,TRUE,TRUE
1,78,5,0,TRUE,TRUE
1,79,12,0,TRUE,TRUE
1,80,3,0,TRUE,TRUE
1,81,5,0,TRUE,TRUE
1,82,13,0,TRUE,TRUE
1,83,12,0,TRUE,TRUE
1,84,6,0,TRUE,TRUE
1,85,14,0,TRUE,TRUE
1,86,9,0,TRUE,TRUE
1,87,19,0,TRUE,TRUE
1,88,7,0,TRUE,TRUE
1,89,5,0,TRUE,TRUE
1,90,3,0,TRUE,TRUE
1,91,13,0,TRUE,TRUE
1,92,14,0,TRUE,TRUE
1,93,8,0,TRUE,TRUE
1,94,16,0,TRUE,TRUE
1,95,5,0,TRUE,TRUE
1,96,15,0,TRUE,TRUE
1,97,10,0,TRUE,TRUE
1,98,20,0,TRUE,TRUE
1,99,11,0,TRUE,TRUE
1,100,3,0,TRUE,TRUE
2,1,16,0,TRUE,TRUE
2,2,14,0,TRUE,TRUE
2,3,11,0,TRUE,TRUE
2,4,5,0,TRUE,TRUE
2,5,7,0,TRUE,TRUE
2,6,18,0,TRUE,TRUE
2,7,14,0,TRUE,TRUE
2,8,18,0,TRUE,TRUE
2,9,15,0,TRUE,TRUE
2,10,3,0,TRUE,TRUE
2,11,6,0,TRUE,TRUE
2,12,15,0,TRUE,TRUE
2,13,19,0,TRUE,TRUE
2,14,17,0,TRUE,TRUE
2,15,11,0,TRUE,TRUE
2,16,6,0,TRUE,TRUE
2,17,20,0,TRUE,TRUE
2,18,9,0,TRUE,TRUE
2,19,17,0,TRUE,TRUE
2,20,3,0,TRUE,TRUE
2,21,8,0,TRUE,TRUE
2,22,19,0,TRUE,TRUE
2,23,8,0,TRUE,TRUE
2,24,14,0,TRUE,TRUE
2,25,13,0,TRUE,TRUE
2,26,18,0,TRUE,TRUE
2,27,6,0,TRUE,TRUE
2,28,18,0,TRUE,TRUE
2,29,20,0,TRUE,TRUE
2,30,3,0,TRUE,TRUE
2,31,13,0,TRUE,TRUE
2,32,16,0,TRUE,TRUE
2,33,12,0,TRUE,TRUE
2,34,9,0,TRUE,TRUE
2,35,11,0,TRUE,TRUE
2,36,4,0,TRUE,TRUE
2,37,17,0,TRUE,TRUE
2,38,4,0,TRUE,TRUE
2,39,10,0,TRUE,TRUE
2,40,3,0,TRUE,TRUE
2,41,20,0,TRUE,TRUE
2,42,16,0,TRUE,TRUE
2,43,13,0,TRUE,TRUE
2,44,20,0,TRUE,TRUE
2,45,4,0,TRUE,TRUE
2,46,7,0,TRUE,TRUE
2,47,7,0,TRUE,TRUE
2,48,17,0,TRUE,TRUE
2,49,20,0,TRUE,TRUE
2,50,3,0,TRUE,TRUE
2,51,12,0,TRUE,TRUE
2,52,5,0,TRUE,TRUE
2,53,16,0,TRUE,TRUE
2,54,18,0,TRUE,TRUE
2,55,4,0,TRUE,TRUE
2,56,11,0,TRUE,TRUE
2,57,19,0,TRUE,TRUE
2,58,6,0,TRUE,TRUE
2,59,7,0,TRUE,TRUE
2,60,3,0,TRUE,TRUE
2,61,12,0,TRUE,TRUE
2,62,14,0,TRUE,TRUE
2,63,20,0,TRUE,TRUE
2,64,11,0,TRUE,TRUE
2,65,20,0,TRUE,TRUE
2,66,13,0,TRUE,TRUE
2,67,8,0,TRUE,TRUE
2,68,16,0,TRUE,TRUE
2,69,11,0,TRUE,TRUE
2,70,3,0,TRUE,TRUE
2,71,13,0,TRUE,TRUE
2,72,4,0,TRUE,TRUE
2,73,5,0,TRUE,TRUE
2,74,17,0,TRUE,TRUE
2,75,20,0,TRUE,TRUE
2,76,9,0,TRUE,TRUE
2,77,6,0,TRUE,TRUE
2,78,8,0,TRUE,TRUE
2,79,5,0,TRUE,TRUE
2,80,3,0,TRUE,TRUE
2,81,18,0,TRUE,TRUE
2,82,10,0,TRUE,TRUE
2,83,5,0,TRUE,TRUE
2,84,19,0,TRUE,TRUE
2,85,11,0,TRUE,TRUE
2,86,13,0,TRUE,TRUE
2,87,5,0,TRUE,TRUE
2,88,12,0,TRUE,TRUE
2,89,5,0,TRUE,TRUE
2,90,3,0,TRUE,TRUE
2,91,14,0,TRUE,TRUE
2,92,14,0,TRUE,TRUE
2,93,19,0,TRUE,TRUE
2,94,14,0,TRUE,TRUE
2,95,13,0,TRUE,TRUE
2,96,13,0,TRUE,TRUE
2,97,11,0,TRUE,TRUE
2,98,4,0,TRUE,TRUE
2,99,17,0,TRUE,TRUE
2,100,3,0,TRUE,TRUE
3,1,16,0,TRUE,TRUE
3,2,19,0,TRUE,TRUE
3,3,13,0,TRUE,TRUE
3,4,7,0,TRUE,TRUE
3,5,10,0,TRUE,TRUE
3,6,5,0,TRUE,TRUE
3,7,10,0,TRUE,TRUE
3,8,18,0,TRUE,TRUE
3,9,12,0,TRUE,TRUE
3,10,3,0,TRUE,TRUE
3,11,15,0,TRUE,TRUE
3,12,12,0,TRUE,TRUE
3,13,4,0,TRUE,TRUE
3,14,5,0,TRUE,TRUE
3,15,8,0,TRUE,TRUE
3,16,11,0,TRUE,TRUE
3,17,18,0,TRUE,TRUE
3,18,19,0,TRUE,TRUE
3,19,17,0,TRUE,TRUE
3,20,3,0,TRUE,TRUE
3,21,11,0,TRUE,TRUE
3,22,8,0,TRUE,TRUE
3,23,4,0,TRUE,TRUE
3,24,12,0,TRUE,TRUE
3,25,17,0,TRUE,TRUE
3,26,10,0,TRUE,TRUE
3,27,16,0,TRUE,TRUE
3,28,7,0,TRUE,TRUE
3,29,4,0,TRUE,TRUE
3,30,3,0,TRUE,TRUE
3,31,13,0,TRUE,TRUE
3,32,13,0,TRUE,TRUE
3,33,15,0,TRUE,TRUE
3,34,9,0,TRUE,TRUE
3,35,20,0,TRUE,TRUE
3,36,9,0,TRUE,TRUE
3,37,7,0,TRUE,TRUE
3,38,6,0,TRUE,TRUE
3,39,20,0,TRUE,TRUE
3,40,3,0,TRUE,TRUE
3,41,8,0,TRUE,TRUE
3,42,18,0,TRUE,TRUE
3,43,14,0,TRUE,TRUE
3,44,15,0,TRUE,TRUE
3,45,4,0,TRUE,TRUE
3,46,4,0,TRUE,TRUE
3,47,14,0,TRUE,TRUE
3,48,7,0,TRUE,TRUE
3,49,19,0,TRUE,TRUE
3,50,3,0,TRUE,TRUE
3,51,13,0,TRUE,TRUE
3,52,4,0,TRUE,TRUE
3,53,10,0,TRUE,TRUE
3,54,7,0,TRUE,TRUE
3,55,12,0,TRUE,TRUE
3,56,7,0,TRUE,TRUE
3,57,6,0,TRUE,TRUE
3,58,9,0,TRUE,TRUE
3,59,10,0,TRUE,TRUE
3,60,3,0,TRUE,TRUE
3,61,19,0,TRUE,TRUE
3,62,5,0,TRUE,TRUE
3,63,15,0,TRUE,TRUE
3,64,6,0,TRUE,TRUE
3,65,17,0,TRUE,TRUE
3,66,18,0,TRUE,TRUE
3,67,16,0,TRUE,TRUE
3,68,10,0,TRUE,TRUE
3,69,18,0,TRUE,TRUE
3,70,3,0,TRUE,TRUE
3,71,7,0,TRUE,TRUE
3,72,8,0,TRUE,TRUE
3,73,12,0,TRUE,TRUE
3,74,8,0,TRUE,TRUE
3,75,15,0,TRUE,TRUE
3,76,13,0,TRUE,TRUE
3,77,7,0,TRUE,TRUE
3,78,10,0,TRUE,TRUE
3,79,9,0,TRUE,TRUE
3,80,3,0,TRUE,TRUE
3,81,17,0,TRUE,TRUE
3,82,19,0,TRUE,TRUE
3,83,13,0,TRUE,TRUE
3,84,9,0,TRUE,TRUE
3,85,6,0,TRUE,TRUE
3,86,11,0,TRUE,TRUE
3,87,15,0,TRUE,TRUE
3,88,15,0,TRUE,TRUE
3,89,14,0,TRUE,TRUE
3,90,3,0,TRUE,TRUE
3,91,14,0,TRUE,TRUE
3,92,8,0,TRUE,TRUE
3,93,13,0,TRUE,TRUE
3,94,15,0,TRUE,TRUE
3,95,20,0,TRUE,TRUE
3,96,16,0,TRUE,TRUE
3,97,8,0,TRUE,TRUE
3,98,6,0,TRUE,TRUE
3,99,12,0,TRUE,TRUE
3,100,3,0,TRUE,TRUE
