"label","k","G","method","us_per_pair_elapsed","us_per_pair_user"
"main",3,1000,"wald_ratio",3,3.00000000000011
"main",3,1000,"ivw",3,4
"main",3,1000,"egger",4,4
"main",3,1000,"weighted_median",397,397
"main",3,1000,"weighted_mode",9139,9124
"main",3,1000,"five",9554,9540
"main",10,300,"wald_ratio",10.0000000000004,10.0000000000004
"main",10,300,"ivw",10.0000000000004,10.0000000000004
"main",10,300,"egger",10.0000000000004,10.0000000000004
"main",10,300,"weighted_median",1253.33333333335,1253.33333333333
"main",10,300,"weighted_mode",10790,10773.3333333333
"main",10,300,"five",12056.6666666667,12040
"main",30,100,"wald_ratio",30.0000000000011,30.0000000000011
"main",30,100,"ivw",30.0000000000011,30.0000000000011
"main",30,100,"egger",30.0000000000011,30.0000000000011
"main",30,100,"weighted_median",3949.99999999996,3939.99999999991
"main",30,100,"weighted_mode",14839.9999999999,14810.0000000001
"main",30,100,"five",18770,18740
"main",100,30,"wald_ratio",66.666666666985,66.6666666665113
"main",100,30,"ivw",100.000000000004,66.6666666665113
"main",100,30,"egger",100.000000000004,100.000000000004
"main",100,30,"weighted_median",14200.0000000001,14166.6666666666
"main",100,30,"weighted_mode",22933.3333333334,22899.9999999999
"main",100,30,"five",37033.333333333,37000
