chromosome	position	variant_key	p_value
3	29673718	3:29673718:C:T	1.379e-07
8	123656851	8:123656851:C:G	2.04e-07
7	24976681	7:24976681:G:A	6.082e-07
3	44510929	3:44510929:A:G	8.572e-07
14	93238778	14:93238778:T:C	9.167e-07
8	72398337	8:72398337:G:A	1.19e-06
12	57495294	12:57495294:G:A	1.256e-06
3	104158064	3:104158064:A:G	1.941e-06
2	154686629	2:154686629:G:A	2.062e-06
6	31519803	6:31519803:T:C	2.279e-06
2	22312386	2:22312386:A:G	2.559e-06
3	135856638	3:135856638:G:A	3.142e-06
2	63003686	2:63003686:G:T	3.215e-06
3	177661484	3:177661484:A:C	3.966e-06
13	83346339	13:83346339:T:C	4.311e-06
2	195323933	2:195323933:A:C	4.829e-06
5	148126566	5:148126566:T:C	6.809e-06
8	41791768	8:41791768:C:T	6.823e-06
18	15378565	18:15378565:G:A	7.041e-06
8	135197668	8:135197668:G:C	7.67e-06
11	20125671	11:20125671:C:A	7.747e-06
9	12275962	9:12275962:C:G	7.891e-06
16	5828758	16:5828758:G:C	7.999e-06
11	10174158	11:10174158:G:A	8.592e-06
1	25791511	1:25791511:C:T	8.805e-06
